27 Jan 2020 05:57:52.545,27 Jan 2020 06:08:57.185,Mount_St_Helens
27 Jan 2020 07:34:56.455,27 Jan 2020 07:44:45.332,Mount_St_Helens
27 Jan 2020 22:44:52.953,27 Jan 2020 22:52:10.366,Mount_St_Helens
28 Jan 2020 00:19:08.016,28 Jan 2020 00:29:57.018,Mount_St_Helens
28 Jan 2020 01:55:52.335,28 Jan 2020 02:06:48.879,Mount_St_Helens
28 Jan 2020 03:33:15.562,28 Jan 2020 03:43:59.761,Mount_St_Helens
27 Jan 2020 05:58:34.218,27 Jan 2020 06:09:25.633,Mount_Shasta
27 Jan 2020 07:35:27.852,27 Jan 2020 07:46:01.226,Mount_Shasta
27 Jan 2020 09:15:07.888,27 Jan 2020 09:18:09.617,Mount_Shasta
27 Jan 2020 22:43:07.810,27 Jan 2020 22:51:52.299,Mount_Shasta
28 Jan 2020 00:18:15.246,28 Jan 2020 00:29:17.996,Mount_Shasta
28 Jan 2020 01:55:47.604,28 Jan 2020 02:06:04.978,Mount_Shasta
28 Jan 2020 03:33:48.154,28 Jan 2020 03:43:31.740,Mount_Shasta
27 Jan 2020 06:00:25.271,27 Jan 2020 06:10:54.530,Telescope_Peak
27 Jan 2020 07:37:10.544,27 Jan 2020 07:47:49.583,Telescope_Peak
27 Jan 2020 22:41:51.804,27 Jan 2020 22:52:23.141,Telescope_Peak
28 Jan 2020 00:18:36.514,28 Jan 2020 00:29:11.438,Telescope_Peak
28 Jan 2020 01:57:28.299,28 Jan 2020 02:05:46.931,Telescope_Peak
28 Jan 2020 03:36:04.251,28 Jan 2020 03:43:45.312,Telescope_Peak
27 Jan 2020 06:00:11.309,27 Jan 2020 06:10:36.696,Mount_Whitney
27 Jan 2020 07:36:54.667,27 Jan 2020 07:47:38.698,Mount_Whitney
27 Jan 2020 09:16:51.690,27 Jan 2020 09:19:42.858,Mount_Whitney
27 Jan 2020 22:41:48.347,27 Jan 2020 22:52:10.155,Mount_Whitney
28 Jan 2020 00:18:21.211,28 Jan 2020 00:29:02.610,Mount_Whitney
28 Jan 2020 01:57:06.416,28 Jan 2020 02:05:37.506,Mount_Whitney
28 Jan 2020 03:35:45.252,28 Jan 2020 03:43:29.198,Mount_Whitney
27 Jan 2020 06:01:08.388,27 Jan 2020 06:12:02.514,Phantom_Ranch
27 Jan 2020 07:38:07.466,27 Jan 2020 07:48:15.843,Phantom_Ranch
27 Jan 2020 21:09:06.015,27 Jan 2020 21:14:34.313,Phantom_Ranch
27 Jan 2020 22:42:23.066,27 Jan 2020 22:53:21.042,Phantom_Ranch
28 Jan 2020 00:19:42.222,28 Jan 2020 00:29:56.109,Phantom_Ranch
28 Jan 2020 01:58:44.194,28 Jan 2020 02:06:40.210,Phantom_Ranch
28 Jan 2020 03:36:59.039,28 Jan 2020 03:45:09.540,Phantom_Ranch
27 Jan 2020 06:01:35.365,27 Jan 2020 06:12:38.749,Mount_Elbert
27 Jan 2020 07:39:15.551,27 Jan 2020 07:47:31.187,Mount_Elbert
27 Jan 2020 21:09:34.433,27 Jan 2020 21:16:41.039,Mount_Elbert
27 Jan 2020 22:43:45.940,27 Jan 2020 22:54:44.658,Mount_Elbert
28 Jan 2020 00:21:11.005,28 Jan 2020 00:31:26.485,Mount_Elbert
28 Jan 2020 01:59:40.327,28 Jan 2020 02:08:34.032,Mount_Elbert
28 Jan 2020 03:37:19.733,28 Jan 2020 03:46:56.950,Mount_Elbert
27 Jan 2020 05:58:00.059,27 Jan 2020 06:09:04.585,Mount_Rainier
27 Jan 2020 07:35:05.509,27 Jan 2020 07:44:48.175,Mount_Rainier
27 Jan 2020 22:44:51.044,27 Jan 2020 22:52:22.777,Mount_Rainier
28 Jan 2020 00:19:13.784,28 Jan 2020 00:30:04.760,Mount_Rainier
28 Jan 2020 01:56:00.801,28 Jan 2020 02:06:56.588,Mount_Rainier
28 Jan 2020 03:33:23.930,28 Jan 2020 03:44:08.383,Mount_Rainier
27 Jan 2020 09:12:28.883,27 Jan 2020 09:19:24.677,Mauna_Kea
27 Jan 2020 10:47:34.556,27 Jan 2020 10:58:30.573,Mauna_Kea
27 Jan 2020 12:27:06.650,27 Jan 2020 12:31:41.733,Mauna_Kea
28 Jan 2020 00:09:04.062,28 Jan 2020 00:19:32.938,Mauna_Kea
28 Jan 2020 01:46:23.603,28 Jan 2020 01:55:47.681,Mauna_Kea
27 Jan 2020 09:11:57.249,27 Jan 2020 09:19:13.042,Haleakala
27 Jan 2020 10:47:13.851,27 Jan 2020 10:58:07.544,Haleakala
27 Jan 2020 12:26:50.562,27 Jan 2020 12:31:10.597,Haleakala
28 Jan 2020 00:09:22.514,28 Jan 2020 00:19:36.872,Haleakala
28 Jan 2020 01:46:20.133,28 Jan 2020 01:56:06.337,Haleakala
27 Jan 2020 05:57:44.017,27 Jan 2020 06:08:37.495,Mount_Baker
27 Jan 2020 07:34:53.584,27 Jan 2020 07:43:57.676,Mount_Baker
27 Jan 2020 22:46:00.420,27 Jan 2020 22:52:16.393,Mount_Baker
28 Jan 2020 00:19:47.139,28 Jan 2020 00:30:16.256,Mount_Baker
28 Jan 2020 01:56:08.743,28 Jan 2020 02:07:08.338,Mount_Baker
28 Jan 2020 03:33:14.203,28 Jan 2020 03:44:08.871,Mount_Baker
27 Jan 2020 06:01:07.879,27 Jan 2020 06:11:03.987,San_Jacinto_Peak
27 Jan 2020 07:37:41.583,27 Jan 2020 07:48:23.018,San_Jacinto_Peak
27 Jan 2020 09:17:40.544,27 Jan 2020 09:20:30.449,San_Jacinto_Peak
27 Jan 2020 21:09:46.303,27 Jan 2020 21:11:36.606,San_Jacinto_Peak
27 Jan 2020 22:41:21.643,27 Jan 2020 22:52:03.856,San_Jacinto_Peak
28 Jan 2020 00:18:35.289,28 Jan 2020 00:28:39.471,San_Jacinto_Peak
28 Jan 2020 01:58:12.435,28 Jan 2020 02:04:55.630,San_Jacinto_Peak
28 Jan 2020 03:37:13.364,28 Jan 2020 03:43:03.537,San_Jacinto_Peak
27 Jan 2020 06:07:34.225,27 Jan 2020 06:17:03.780,Sapelo_Island
27 Jan 2020 19:34:02.991,27 Jan 2020 19:43:26.918,Sapelo_Island
27 Jan 2020 21:09:53.297,27 Jan 2020 21:20:39.771,Sapelo_Island
27 Jan 2020 22:49:07.404,27 Jan 2020 22:56:34.702,Sapelo_Island
28 Jan 2020 00:30:32.299,28 Jan 2020 00:32:20.319,Sapelo_Island
28 Jan 2020 02:07:17.066,28 Jan 2020 02:13:06.845,Sapelo_Island
28 Jan 2020 03:43:02.329,28 Jan 2020 03:53:12.078,Sapelo_Island
27 Jan 2020 06:00:03.690,27 Jan 2020 06:11:00.871,Teton
27 Jan 2020 07:37:38.485,27 Jan 2020 07:45:54.409,Teton
27 Jan 2020 22:44:20.253,27 Jan 2020 22:54:36.670,Teton
28 Jan 2020 00:20:29.276,28 Jan 2020 00:31:36.318,Teton
28 Jan 2020 01:58:05.795,28 Jan 2020 02:08:35.274,Teton
28 Jan 2020 03:35:35.301,28 Jan 2020 03:46:09.851,Teton
27 Jan 2020 05:59:34.610,27 Jan 2020 06:10:31.590,Borah_Peak
27 Jan 2020 07:36:57.448,27 Jan 2020 07:45:44.302,Borah_Peak
27 Jan 2020 22:44:16.412,27 Jan 2020 22:54:01.021,Borah_Peak
28 Jan 2020 00:20:03.567,28 Jan 2020 00:31:07.586,Borah_Peak
28 Jan 2020 01:57:31.838,28 Jan 2020 02:08:03.075,Borah_Peak
28 Jan 2020 03:35:04.000,28 Jan 2020 03:45:32.818,Borah_Peak
27 Jan 2020 06:00:17.479,27 Jan 2020 06:11:16.475,Deseret_Peak
27 Jan 2020 07:37:32.410,27 Jan 2020 07:46:58.666,Deseret_Peak
27 Jan 2020 22:43:19.654,27 Jan 2020 22:53:53.559,Deseret_Peak
28 Jan 2020 00:19:52.344,28 Jan 2020 00:30:47.796,Deseret_Peak
28 Jan 2020 01:58:00.112,28 Jan 2020 02:07:44.059,Deseret_Peak
28 Jan 2020 03:35:51.119,28 Jan 2020 03:45:37.227,Deseret_Peak
27 Jan 2020 06:01:01.723,27 Jan 2020 06:11:57.761,Mount_Ellen
27 Jan 2020 07:38:14.040,27 Jan 2020 07:47:47.628,Mount_Ellen
27 Jan 2020 21:09:50.653,27 Jan 2020 21:14:58.763,Mount_Ellen
27 Jan 2020 22:42:56.923,27 Jan 2020 22:53:53.590,Mount_Ellen
28 Jan 2020 00:20:07.079,28 Jan 2020 00:30:36.531,Mount_Ellen
28 Jan 2020 01:58:46.461,28 Jan 2020 02:07:32.376,Mount_Ellen
28 Jan 2020 03:36:45.635,28 Jan 2020 03:45:48.176,Mount_Ellen
27 Jan 2020 05:58:11.273,27 Jan 2020 06:09:09.469,Mount_Jefferson_Oregon
27 Jan 2020 07:35:13.135,27 Jan 2020 07:45:12.992,Mount_Jefferson_Oregon
27 Jan 2020 22:44:14.954,27 Jan 2020 22:52:12.937,Mount_Jefferson_Oregon
28 Jan 2020 00:18:53.773,28 Jan 2020 00:29:52.135,Mount_Jefferson_Oregon
28 Jan 2020 01:55:56.079,28 Jan 2020 02:06:43.396,Mount_Jefferson_Oregon
28 Jan 2020 03:33:31.195,28 Jan 2020 03:43:59.073,Mount_Jefferson_Oregon
27 Jan 2020 06:06:46.009,27 Jan 2020 06:15:42.641,Mount_Mitchell
27 Jan 2020 19:35:27.769,27 Jan 2020 19:43:41.149,Mount_Mitchell
27 Jan 2020 21:10:19.529,27 Jan 2020 21:21:24.893,Mount_Mitchell
27 Jan 2020 22:48:23.963,27 Jan 2020 22:57:52.876,Mount_Mitchell
28 Jan 2020 00:27:38.535,28 Jan 2020 00:34:55.038,Mount_Mitchell
28 Jan 2020 02:05:22.852,28 Jan 2020 02:13:50.001,Mount_Mitchell
28 Jan 2020 03:41:51.949,28 Jan 2020 03:52:34.039,Mount_Mitchell
27 Jan 2020 06:01:12.262,27 Jan 2020 06:12:11.133,Mount_Peale
27 Jan 2020 07:38:32.877,27 Jan 2020 07:47:40.595,Mount_Peale
27 Jan 2020 21:09:47.673,27 Jan 2020 21:15:38.703,Mount_Peale
27 Jan 2020 22:43:15.523,27 Jan 2020 22:54:13.533,Mount_Peale
28 Jan 2020 00:20:29.043,28 Jan 2020 00:30:55.875,Mount_Peale
28 Jan 2020 01:59:04.629,28 Jan 2020 02:07:56.372,Mount_Peale
28 Jan 2020 03:36:56.597,28 Jan 2020 03:46:13.815,Mount_Peale
27 Jan 2020 06:01:23.764,27 Jan 2020 06:12:08.597,Humphreys_Peak
27 Jan 2020 07:38:20.520,27 Jan 2020 07:48:29.469,Humphreys_Peak
27 Jan 2020 21:08:45.080,27 Jan 2020 21:14:41.761,Humphreys_Peak
27 Jan 2020 22:42:14.351,27 Jan 2020 22:53:20.206,Humphreys_Peak
28 Jan 2020 00:19:47.587,28 Jan 2020 00:29:52.968,Humphreys_Peak
28 Jan 2020 01:59:04.325,28 Jan 2020 02:06:35.435,Humphreys_Peak
28 Jan 2020 03:37:21.663,28 Jan 2020 03:45:09.315,Humphreys_Peak
27 Jan 2020 06:02:17.173,27 Jan 2020 06:12:46.479,Mount_Graham
27 Jan 2020 07:39:07.680,27 Jan 2020 07:49:19.345,Mount_Graham
27 Jan 2020 21:07:26.415,27 Jan 2020 21:15:09.187,Mount_Graham
27 Jan 2020 22:42:01.260,27 Jan 2020 22:53:06.890,Mount_Graham
28 Jan 2020 00:20:19.226,28 Jan 2020 00:29:20.956,Mount_Graham
28 Jan 2020 02:00:37.885,28 Jan 2020 02:05:37.714,Mount_Graham
28 Jan 2020 03:38:49.343,28 Jan 2020 03:44:52.512,Mount_Graham
27 Jan 2020 05:59:55.852,27 Jan 2020 06:10:40.541,Mount_Jefferson_Nevada
27 Jan 2020 07:36:50.854,27 Jan 2020 07:47:08.704,Mount_Jefferson_Nevada
27 Jan 2020 22:42:32.323,27 Jan 2020 22:52:47.208,Mount_Jefferson_Nevada
28 Jan 2020 00:18:51.147,28 Jan 2020 00:29:45.229,Mount_Jefferson_Nevada
28 Jan 2020 01:57:10.233,28 Jan 2020 02:06:31.071,Mount_Jefferson_Nevada
28 Jan 2020 03:35:25.188,28 Jan 2020 03:44:21.914,Mount_Jefferson_Nevada
